{"total_batches": 188, "total_epochs": 150, "train_time": 637.9150922298431, "h-m-s_train_time": "0:10:37.915092", "last_epoch_train_loss": 7.367710721619586e-05, "last_epoch_train_accuracy": 100.0, "last_epoch_train_precision": 100.0, "last_epoch_train_recall": 100.0, "last_epoch_learning_rate": [7.368653080220204e-05], "last_epoch_epoch_train_time": 5.605586051940918, "last_epoch_val_loss": 0.030756264791249276, "last_epoch_val_accuracy": 99.22299981117249, "last_epoch_val_precision": 99.22401905059814, "last_epoch_val_recall": 99.22299981117249, "last_epoch_val_time": 0.9833550453186035, "early_stopping": true, "best_epoch": 61, "best_train_loss": 0.00010234436287762637, "best_train_accuracy": 100.0, "best_train_precision": 100.0, "best_train_recall": 100.0, "best_learning_rate": [9.437564585649894e-05], "best_epoch_train_time": 5.6826231479644775, "best_val_loss": 0.029838539937392196, "best_val_accuracy": 99.27509427070618, "best_val_precision": 99.27479028701782, "best_val_recall": 99.27509427070618, "best_val_time": 0.9680187702178955}