{"total_batches": 157, "total_epochs": 150, "train_time": 770.6427390575409, "h-m-s_train_time": "0:12:50.642739", "last_epoch_train_loss": 0.00023117840325661526, "last_epoch_train_accuracy": 100.0, "last_epoch_train_precision": 100.0, "last_epoch_train_recall": 100.0, "last_epoch_learning_rate": [9.29175799978462e-05], "last_epoch_epoch_train_time": 9.55243706703186, "last_epoch_val_loss": 1.0525773733854293, "last_epoch_val_accuracy": 76.71999931335449, "last_epoch_val_precision": 76.67343020439148, "last_epoch_val_recall": 76.79881453514099, "last_epoch_val_time": 1.3213565349578857, "early_stopping": true, "best_epoch": 43, "best_train_loss": 0.0003647660706073615, "best_train_accuracy": 100.0, "best_train_precision": 100.0, "best_train_recall": 100.0, "best_learning_rate": [9.953570191763221e-05], "best_epoch_train_time": 9.647930145263672, "best_val_loss": 1.0095414325594902, "best_val_accuracy": 76.88999772071838, "best_val_precision": 76.99564695358276, "best_val_recall": 76.9465446472168, "best_val_time": 1.211118459701538}