{"total_batches": 188, "total_epochs": 150, "train_time": 658.682088136673, "h-m-s_train_time": "0:10:58.682088", "last_epoch_train_loss": 6.763314818368948e-05, "last_epoch_train_accuracy": 100.0, "last_epoch_train_precision": 100.0, "last_epoch_train_recall": 100.0, "last_epoch_learning_rate": [6.825977058742151e-05], "last_epoch_epoch_train_time": 5.675532341003418, "last_epoch_val_loss": 0.031179128348470687, "last_epoch_val_accuracy": 99.21494126319885, "last_epoch_val_precision": 99.21649694442749, "last_epoch_val_recall": 99.21494126319885, "last_epoch_val_time": 0.8631784915924072, "early_stopping": true, "best_epoch": 65, "best_train_loss": 9.41629541364122e-05, "best_train_accuracy": 100.0, "best_train_precision": 100.0, "best_train_recall": 100.0, "best_learning_rate": [9.130749038390034e-05], "best_epoch_train_time": 5.71066427230835, "best_val_loss": 0.029752112733091206, "best_val_accuracy": 99.30828809738159, "best_val_precision": 99.30695295333862, "best_val_recall": 99.30828809738159, "best_val_time": 0.8729841709136963}