{"total_batches": 157, "total_epochs": 150, "train_time": 7447.416015625, "h-m-s_train_time": "2:04:07.416016", "last_epoch_train_loss": 0.0814079864033658, "last_epoch_train_accuracy": 97.15191125869751, "last_epoch_train_precision": 97.15551137924194, "last_epoch_train_recall": 97.15191125869751, "last_epoch_learning_rate": [4.0090794619463483e-10], "last_epoch_epoch_train_time": 37.93703293800354, "last_epoch_val_loss": 0.6919376220554113, "last_epoch_val_accuracy": 81.02116584777832, "last_epoch_val_precision": 80.90438842773438, "last_epoch_val_recall": 81.02116584777832, "last_epoch_val_time": 5.036988973617554, "early_stopping": true, "best_epoch": 145, "best_train_loss": 0.08483869069890612, "best_train_accuracy": 97.22200036048889, "best_train_precision": 97.22211360931396, "best_train_recall": 97.22200036048889, "best_learning_rate": [5.574371882834972e-07], "best_epoch_train_time": 47.84339761734009, "best_val_loss": 0.6958038479089736, "best_val_accuracy": 81.33472204208374, "best_val_precision": 81.2908947467804, "best_val_recall": 81.33472204208374, "best_val_time": 6.385487794876099}