{"total_batches": 157, "total_epochs": 150, "train_time": 2921.519250869751, "h-m-s_train_time": "0:48:41.519251", "last_epoch_train_loss": 0.09726351416509622, "last_epoch_train_accuracy": 96.72999978065491, "last_epoch_train_precision": 96.73128128051758, "last_epoch_train_recall": 96.73042297363281, "last_epoch_learning_rate": [4.0090794619463483e-10], "last_epoch_epoch_train_time": 15.281041622161865, "last_epoch_val_loss": 0.6911809399724007, "last_epoch_val_accuracy": 81.05000257492065, "last_epoch_val_precision": 81.01621866226196, "last_epoch_val_recall": 81.0792326927185, "last_epoch_val_time": 2.003343343734741, "early_stopping": true, "best_epoch": 144, "best_train_loss": 0.100521368846582, "best_train_accuracy": 96.6825008392334, "best_train_precision": 96.68349623680115, "best_train_recall": 96.68232202529907, "best_learning_rate": [8.022168517625377e-07], "best_epoch_train_time": 15.271789312362671, "best_val_loss": 0.6997653365135192, "best_val_accuracy": 81.25, "best_val_precision": 81.28699064254761, "best_val_recall": 81.27905130386353, "best_val_time": 1.9943580627441406}