{"total_epochs": 5000, "train_time": 1358.0875005722046, "h-m-s_train_time": "0:22:38.087501", "last_epoch_epoch_train_loss": 0.1376638114452362, "last_epoch_epoch_train_time": 0.23482513427734375, "last_epoch_train_loss": 0.06811413750052452, "last_epoch_val_loss": 3.6513719749450684, "last_epoch_val_time": 9.25417971611023, "early_stopping": true, "best_epoch": 1501, "best_epoch_train_loss": 1.3472479581832886, "best_epoch_train_time": 0.05691719055175781, "best_train_loss": 1.1928574764728546, "best_val_loss": 1.5217465722560883, "best_val_time": 9.173034906387329}