{"total_batches": 2032, "total_epochs": 500, "train_time": 42603.13797068596, "h-m-s_train_time": "11:50:03.137971", "last_epoch_train_loss": 1.7100622867505382, "last_epoch_train_accuracy": 75.0440239906311, "last_epoch_train_precision": 75.01006126403809, "last_epoch_train_recall": 75.0440239906311, "last_epoch_learning_rate": [2.3859823715860078e-05], "last_epoch_epoch_train_time": 777.9569280147552, "last_epoch_val_loss": 1.8143584331658882, "last_epoch_val_accuracy": 64.52301144599915, "last_epoch_val_precision": 64.63163495063782, "last_epoch_val_recall": 64.52301144599915, "early_stopping": true, "best_epoch": 26, "best_train_loss": 1.7463550811677466, "best_train_accuracy": 71.41838669776917, "best_train_precision": 71.35505676269531, "best_train_recall": 71.41838669776917, "best_learning_rate": [1.0456028074552716e-05], "best_epoch_train_time": 781.6335589885712, "best_val_loss": 1.81001056836346, "best_val_accuracy": 64.91451263427734, "best_val_precision": 64.78431224822998, "best_val_recall": 64.91451263427734}