{"total_batches": 157, "total_epochs": 150, "train_time": 712.3177733421326, "h-m-s_train_time": "0:11:52.317773", "last_epoch_train_loss": 9.211635656037908e-05, "last_epoch_train_accuracy": 100.0, "last_epoch_train_precision": 100.0, "last_epoch_train_recall": 100.0, "last_epoch_learning_rate": [5.372718770738924e-05], "last_epoch_epoch_train_time": 5.433029413223267, "last_epoch_val_loss": 1.0160049483180047, "last_epoch_val_accuracy": 77.43953466415405, "last_epoch_val_precision": 77.27439403533936, "last_epoch_val_recall": 77.43953466415405, "last_epoch_val_time": 0.9270293712615967, "early_stopping": true, "best_epoch": 75, "best_train_loss": 0.00011435323127895404, "best_train_accuracy": 100.0, "best_train_precision": 100.0, "best_train_recall": 100.0, "best_learning_rate": [8.116711506788017e-05], "best_epoch_train_time": 5.4765708446502686, "best_val_loss": 1.022875189781189, "best_val_accuracy": 77.56885886192322, "best_val_precision": 77.4770736694336, "best_val_recall": 77.56885886192322, "best_val_time": 0.8292012214660645}