{"total_batches": 157, "total_epochs": 150, "train_time": 1907.334729194641, "h-m-s_train_time": "0:31:47.334729", "last_epoch_train_loss": 0.09185014885796863, "last_epoch_train_accuracy": 96.9124972820282, "last_epoch_train_precision": 96.91277742385864, "last_epoch_train_recall": 96.91194891929626, "last_epoch_learning_rate": [4.0090794619463483e-10], "last_epoch_epoch_train_time": 9.7790367603302, "last_epoch_val_loss": 0.6561664894223214, "last_epoch_val_accuracy": 81.58000111579895, "last_epoch_val_precision": 81.52754306793213, "last_epoch_val_recall": 81.61739706993103, "last_epoch_val_time": 1.286628246307373, "early_stopping": true, "best_epoch": 133, "best_train_loss": 0.09790700382203053, "best_train_accuracy": 96.71750068664551, "best_train_precision": 96.71874046325684, "best_train_recall": 96.71670198440552, "best_learning_rate": [6.325325121121637e-06], "best_epoch_train_time": 9.623208284378052, "best_val_loss": 0.6787158824503422, "best_val_accuracy": 82.05000162124634, "best_val_precision": 82.02690482139587, "best_val_recall": 82.06239938735962, "best_val_time": 1.4599153995513916}