{"total_batches": 157, "total_epochs": 150, "train_time": 2724.286712884903, "h-m-s_train_time": "0:45:24.286713", "last_epoch_train_loss": 0.10299471141711163, "last_epoch_train_accuracy": 96.56913876533508, "last_epoch_train_precision": 96.57026529312134, "last_epoch_train_recall": 96.56913876533508, "last_epoch_learning_rate": [8.022168517625377e-07], "last_epoch_epoch_train_time": 14.211870670318604, "last_epoch_val_loss": 0.7237565748393535, "last_epoch_val_accuracy": 80.95970153808594, "last_epoch_val_precision": 81.06241226196289, "last_epoch_val_recall": 80.95970153808594, "last_epoch_val_time": 2.3139936923980713, "early_stopping": true, "best_epoch": 124, "best_train_loss": 0.10994602599815959, "best_train_accuracy": 96.33206725120544, "best_train_precision": 96.33445739746094, "best_train_recall": 96.33206725120544, "best_learning_rate": [1.4374851121574127e-05], "best_epoch_train_time": 13.879184246063232, "best_val_loss": 0.715559508651495, "best_val_accuracy": 81.19475841522217, "best_val_precision": 81.1535120010376, "best_val_recall": 81.19475841522217, "best_val_time": 2.2885429859161377}