{"total_batches": 188, "total_epochs": 150, "train_time": 426.7517251968384, "h-m-s_train_time": "0:07:06.751725", "last_epoch_train_loss": 0.00041447088687106016, "last_epoch_train_accuracy": 99.99579191207886, "last_epoch_train_precision": 99.99576807022095, "last_epoch_train_recall": 99.99579191207886, "last_epoch_learning_rate": [3.571028138031024e-05], "last_epoch_epoch_train_time": 2.2759335041046143, "last_epoch_val_loss": 0.06264246373308545, "last_epoch_val_accuracy": 98.52160215377808, "last_epoch_val_precision": 98.53135347366333, "last_epoch_val_recall": 98.52160215377808, "last_epoch_val_time": 0.4595527648925781, "early_stopping": true, "best_epoch": 116, "best_train_loss": 0.0007431690501881407, "best_train_accuracy": 99.9893844127655, "best_train_precision": 99.98926520347595, "best_train_recall": 99.9893844127655, "best_learning_rate": [0.002370934778065496], "best_epoch_train_time": 2.2657222747802734, "best_val_loss": 0.06453298210622148, "best_val_accuracy": 98.58217239379883, "best_val_precision": 98.58691692352295, "best_val_recall": 98.58217239379883, "best_val_time": 0.44864678382873535}