{"total_batches": 157, "total_epochs": 150, "train_time": 3080.9906270504, "h-m-s_train_time": "0:51:20.990627", "last_epoch_train_loss": 0.09091752828069173, "last_epoch_train_accuracy": 96.95500135421753, "last_epoch_train_precision": 96.95608615875244, "last_epoch_train_recall": 96.95332646369934, "last_epoch_learning_rate": [4.0090794619463483e-10], "last_epoch_epoch_train_time": 16.24588704109192, "last_epoch_val_loss": 0.714130736887455, "last_epoch_val_accuracy": 80.66999912261963, "last_epoch_val_precision": 80.65136671066284, "last_epoch_val_recall": 80.6875467300415, "last_epoch_val_time": 2.1544198989868164, "early_stopping": true, "best_epoch": 149, "best_train_loss": 0.08596660747269916, "best_train_accuracy": 97.19499945640564, "best_train_precision": 97.19702005386353, "best_train_recall": 97.19387292861938, "best_learning_rate": [2.2494151281357063e-08], "best_epoch_train_time": 16.08897376060486, "best_val_loss": 0.6980048030614853, "best_val_accuracy": 81.09999895095825, "best_val_precision": 81.05496168136597, "best_val_recall": 81.12250566482544, "best_val_time": 2.1258111000061035}