{"total_batches": 157, "total_epochs": 150, "train_time": 3224.172868013382, "h-m-s_train_time": "0:53:44.172868", "last_epoch_train_loss": 0.09203632776239876, "last_epoch_train_accuracy": 96.92076444625854, "last_epoch_train_precision": 96.92555665969849, "last_epoch_train_recall": 96.92076444625854, "last_epoch_learning_rate": [4.0090794619463483e-10], "last_epoch_epoch_train_time": 18.083749055862427, "last_epoch_val_loss": 0.7013977833092213, "last_epoch_val_accuracy": 80.58708906173706, "last_epoch_val_precision": 80.54836392402649, "last_epoch_val_recall": 80.58708906173706, "last_epoch_val_time": 2.461026191711426, "early_stopping": true, "best_epoch": 132, "best_train_loss": 0.09682023389988643, "best_train_accuracy": 96.79476022720337, "best_train_precision": 96.79510593414307, "best_train_recall": 96.79476022720337, "best_learning_rate": [7.073045576027662e-06], "best_epoch_train_time": 14.724222898483276, "best_val_loss": 0.6888675570487977, "best_val_accuracy": 80.98788857460022, "best_val_precision": 80.86241483688354, "best_val_recall": 80.98788857460022, "best_val_time": 2.731924295425415}