{"total_batches": 94, "total_epochs": 150, "train_time": 3295.1772367954254, "h-m-s_train_time": "0:54:55.177237", "last_epoch_train_loss": 0.00027165086840854046, "last_epoch_train_accuracy": 99.99791383743286, "last_epoch_train_precision": 99.99786615371704, "last_epoch_train_recall": 99.99791383743286, "last_epoch_val_loss": 0.0664263404129694, "last_epoch_val_accuracy": 98.53780269622803, "last_epoch_val_precision": 98.55278730392456, "last_epoch_val_recall": 98.53780269622803, "early_stopping": true, "best_epoch": 125, "best_train_loss": 0.0004133760123024447, "best_train_accuracy": 99.99591708183289, "best_train_precision": 99.99554753303528, "best_train_recall": 99.99591708183289, "best_val_loss": 0.0659249567737182, "best_val_accuracy": 98.59892129898071, "best_val_precision": 98.6121416091919, "best_val_recall": 98.59892129898071}