{"total_batches": 188, "total_epochs": 150, "train_time": 396.0576157569885, "h-m-s_train_time": "0:06:36.057616", "last_epoch_train_loss": 0.0003728319251751329, "last_epoch_train_accuracy": 100.0, "last_epoch_train_precision": 100.0, "last_epoch_train_recall": 100.0, "last_epoch_learning_rate": [4.006332040987463e-08], "last_epoch_epoch_train_time": 1.9939448833465576, "last_epoch_val_loss": 0.062408828771019234, "last_epoch_val_accuracy": 98.55833053588867, "last_epoch_val_precision": 98.54868650436401, "last_epoch_val_recall": 98.53937029838562, "last_epoch_val_time": 0.3384227752685547, "early_stopping": true, "best_epoch": 134, "best_train_loss": 0.0004308176340852329, "best_train_accuracy": 99.9958336353302, "best_train_precision": 99.9955952167511, "best_train_recall": 99.99575614929199, "best_learning_rate": [0.0005617423114405057], "best_epoch_train_time": 1.8924305438995361, "best_val_loss": 0.06314985503620923, "best_val_accuracy": 98.57500195503235, "best_val_precision": 98.56569170951843, "best_val_recall": 98.55619072914124, "best_val_time": 0.33806467056274414}