{"total_batches": 157, "total_epochs": 150, "train_time": 4926.79207611084, "h-m-s_train_time": "1:22:06.792076", "last_epoch_train_loss": 0.21016803118074015, "last_epoch_train_accuracy": 93.00249814987183, "last_epoch_train_precision": 93.00295114517212, "last_epoch_train_recall": 93.0009126663208, "last_epoch_learning_rate": [4.0090794619463483e-10], "last_epoch_epoch_train_time": 26.100220203399658, "last_epoch_val_loss": 1.08961274176836, "last_epoch_val_accuracy": 71.3699996471405, "last_epoch_val_precision": 71.39706015586853, "last_epoch_val_recall": 71.41156196594238, "last_epoch_val_time": 3.3001110553741455, "early_stopping": true, "best_epoch": 147, "best_train_loss": 0.20494239326495273, "best_train_accuracy": 93.14249753952026, "best_train_precision": 93.14667582511902, "best_train_recall": 93.14064979553223, "best_learning_rate": [2.0083126209286573e-07], "best_epoch_train_time": 25.97569465637207, "best_val_loss": 1.072060465812683, "best_val_accuracy": 71.70000076293945, "best_val_precision": 71.77106142044067, "best_val_recall": 71.73343300819397, "best_val_time": 3.4643642902374268}