{"total_batches": 2032, "total_epochs": 500, "train_time": 56511.891597509384, "h-m-s_train_time": "15:41:51.891598", "last_epoch_train_loss": 2.288313108987696, "last_epoch_train_accuracy": 8.537307381629944, "last_epoch_train_precision": 45.15208303928375, "last_epoch_train_recall": 4.271472245454788, "last_epoch_learning_rate": [1.2019831552574867e-05], "last_epoch_epoch_train_time": 1550.704630613327, "last_epoch_val_loss": 2.289612426532535, "last_epoch_val_accuracy": 10.325384885072708, "last_epoch_val_precision": 42.881420254707336, "last_epoch_val_recall": 5.147247388958931, "last_epoch_val_time": 449.9317693710327, "early_stopping": true, "best_epoch": 8, "best_train_loss": 2.289737519668782, "best_train_accuracy": 9.147115051746368, "best_train_precision": 40.246590971946716, "best_train_recall": 4.576218873262405, "best_learning_rate": [4.672194621010848e-06], "best_epoch_train_time": 1558.499496936798, "best_val_loss": 2.2908299598168202, "best_val_accuracy": 12.401538342237473, "best_val_precision": 39.43244814872742, "best_val_recall": 6.1838548630476, "best_val_time": 451.5962595939636}