{"total_batches": 157, "total_epochs": 150, "train_time": 4420.647169351578, "h-m-s_train_time": "1:13:40.647169", "last_epoch_train_loss": 0.08341720853309342, "last_epoch_train_accuracy": 97.2690999507904, "last_epoch_train_precision": 97.27110266685486, "last_epoch_train_recall": 97.2690999507904, "last_epoch_val_loss": 0.7176111578941345, "last_epoch_val_accuracy": 80.27235269546509, "last_epoch_val_precision": 80.1058292388916, "last_epoch_val_recall": 80.27235269546509, "early_stopping": true, "best_epoch": 145, "best_train_loss": 0.08481035172749476, "best_train_accuracy": 97.16938138008118, "best_train_precision": 97.17040061950684, "best_train_recall": 97.16938138008118, "best_val_loss": 0.7274499192833901, "best_val_accuracy": 81.17352724075317, "best_val_precision": 81.09425902366638, "best_val_recall": 81.17352724075317}