{"total_batches": 157, "total_epochs": 150, "train_time": 1899.5353589057922, "h-m-s_train_time": "0:31:39.535359", "last_epoch_train_loss": 0.10599766969443507, "last_epoch_train_accuracy": 96.5250015258789, "last_epoch_train_precision": 96.52484059333801, "last_epoch_train_recall": 96.52385711669922, "last_epoch_learning_rate": [8.022168517625377e-07], "last_epoch_epoch_train_time": 10.420650005340576, "last_epoch_val_loss": 0.7531396806240082, "last_epoch_val_accuracy": 79.08999919891357, "last_epoch_val_precision": 79.02007102966309, "last_epoch_val_recall": 79.12617325782776, "last_epoch_val_time": 1.3827509880065918, "early_stopping": true, "best_epoch": 124, "best_train_loss": 0.11405382905701164, "best_train_accuracy": 96.17000222206116, "best_train_precision": 96.17127180099487, "best_train_recall": 96.16912007331848, "best_learning_rate": [1.4374851121574127e-05], "best_epoch_train_time": 10.25600814819336, "best_val_loss": 0.7274261303246021, "best_val_accuracy": 79.73999977111816, "best_val_precision": 79.6787977218628, "best_val_recall": 79.76692318916321, "best_val_time": 1.4826092720031738}