{"total_batches": 188, "total_epochs": 150, "train_time": 1721.927195072174, "h-m-s_train_time": "0:28:41.927195", "last_epoch_train_loss": 0.00014632372829587536, "last_epoch_train_accuracy": 100.0, "last_epoch_train_precision": 100.0, "last_epoch_train_recall": 100.0, "last_epoch_learning_rate": [6.401387509452321e-05], "last_epoch_epoch_train_time": 14.599550724029541, "last_epoch_adv_train_accuracy": 100.0, "last_epoch_adv_train_precision": 100.0, "last_epoch_adv_train_recall": 100.0, "last_epoch_val_loss": 0.025803077501861598, "last_epoch_val_accuracy": 99.37520027160645, "last_epoch_val_precision": 99.37688112258911, "last_epoch_val_recall": 99.37520027160645, "last_epoch_val_time": 0.9929394721984863, "last_epoch_adv_val_loss": 0.07480580932361648, "last_epoch_adv_val_accuracy": 98.36174249649048, "last_epoch_adv_val_precision": 98.36746454238892, "last_epoch_adv_val_recall": 98.36174249649048, "last_epoch_adv_val_time": 2.8035552501678467, "last_epoch_tot_val_loss": 0.10060888682547808, "early_stopping": true, "best_epoch": 68, "best_train_loss": 0.00019195217124008118, "best_train_accuracy": 100.0, "best_train_precision": 100.0, "best_train_recall": 100.0, "best_learning_rate": [8.861583912083986e-05], "best_epoch_train_time": 14.553102731704712, "best_adv_train_accuracy": 100.0, "best_adv_train_precision": 100.0, "best_adv_train_recall": 100.0, "best_val_loss": 0.024648648075216963, "best_val_accuracy": 99.37357902526855, "best_val_precision": 99.37766790390015, "best_val_recall": 99.37357902526855, "best_val_time": 0.97505784034729, "best_adv_val_loss": 0.07365665501578057, "best_adv_val_accuracy": 98.39621782302856, "best_adv_val_precision": 98.40437769889832, "best_adv_val_recall": 98.39621782302856, "best_adv_val_time": 2.809300422668457, "best_tot_val_loss": 0.09830530309099754}