{"total_batches": 157, "total_epochs": 150, "train_time": 1255.7348928451538, "h-m-s_train_time": "0:20:55.734893", "last_epoch_train_loss": 0.0005264740977080385, "last_epoch_train_accuracy": 100.0, "last_epoch_train_precision": 100.0, "last_epoch_train_recall": 100.0, "last_epoch_learning_rate": [9.130660506525176e-05], "last_epoch_epoch_train_time": 14.514591217041016, "last_epoch_adv_train_accuracy": 100.0, "last_epoch_adv_train_precision": 100.0, "last_epoch_adv_train_recall": 100.0, "last_epoch_val_loss": 1.0258698023855686, "last_epoch_val_accuracy": 75.35878419876099, "last_epoch_val_precision": 75.22366046905518, "last_epoch_val_recall": 75.35878419876099, "last_epoch_val_time": 0.8957643508911133, "last_epoch_adv_val_loss": 2.337699243426323, "last_epoch_adv_val_accuracy": 55.736243724823, "last_epoch_adv_val_precision": 55.6126594543457, "last_epoch_adv_val_recall": 55.736243724823, "last_epoch_adv_val_time": 2.62823224067688, "last_epoch_tot_val_loss": 3.363569045811891, "early_stopping": true, "best_epoch": 45, "best_train_loss": 0.0009617291088364307, "best_train_accuracy": 100.0, "best_train_precision": 100.0, "best_train_recall": 100.0, "best_learning_rate": [9.999999909205381e-05], "best_epoch_train_time": 14.52584195137024, "best_adv_train_accuracy": 100.0, "best_adv_train_precision": 100.0, "best_adv_train_recall": 100.0, "best_val_loss": 0.999463115632534, "best_val_accuracy": 75.26845932006836, "best_val_precision": 75.11695623397827, "best_val_recall": 75.26845932006836, "best_val_time": 0.903876781463623, "best_adv_val_loss": 2.224245545268059, "best_adv_val_accuracy": 56.117409467697144, "best_adv_val_precision": 55.936843156814575, "best_adv_val_recall": 56.117409467697144, "best_adv_val_time": 2.5542151927948, "best_tot_val_loss": 3.223708660900593}