{"total_batches": 157, "total_epochs": 150, "train_time": 1898.8742604255676, "h-m-s_train_time": "0:31:38.874260", "last_epoch_train_loss": 0.09452263235001807, "last_epoch_train_accuracy": 96.94575071334839, "last_epoch_train_precision": 96.94751501083374, "last_epoch_train_recall": 96.94575071334839, "last_epoch_val_loss": 0.7109125122427941, "last_epoch_val_accuracy": 80.53395748138428, "last_epoch_val_precision": 80.46842813491821, "last_epoch_val_recall": 80.53395748138428, "early_stopping": true, "best_epoch": 137, "best_train_loss": 0.08883161762147952, "best_train_accuracy": 97.01184034347534, "best_train_precision": 97.01160192489624, "best_train_recall": 97.01184034347534, "best_val_loss": 0.7126266255974769, "best_val_accuracy": 80.68057298660278, "best_val_precision": 80.60848712921143, "best_val_recall": 80.68057298660278}