{"total_batches": 157, "total_epochs": 150, "train_time": 3475.1740815639496, "h-m-s_train_time": "0:57:55.174082", "last_epoch_train_loss": 0.0004214688061861096, "last_epoch_train_accuracy": 100.0, "last_epoch_train_precision": 100.0, "last_epoch_train_recall": 100.0, "last_epoch_learning_rate": [4.476432143392874e-05], "last_epoch_epoch_train_time": 27.237957239151, "last_epoch_adv_train_accuracy": 100.0, "last_epoch_adv_train_precision": 100.0, "last_epoch_adv_train_recall": 100.0, "last_epoch_val_loss": 1.0106602892279626, "last_epoch_val_accuracy": 76.88000202178955, "last_epoch_val_precision": 76.72155499458313, "last_epoch_val_recall": 76.94129943847656, "last_epoch_val_time": 1.3578097820281982, "last_epoch_adv_val_loss": 2.183434337377548, "last_epoch_adv_val_accuracy": 58.96000266075134, "last_epoch_adv_val_precision": 58.62039923667908, "last_epoch_adv_val_recall": 59.04664993286133, "last_epoch_adv_val_time": 4.654810905456543, "last_epoch_tot_val_loss": 3.194094626605511, "early_stopping": true, "best_epoch": 81, "best_train_loss": 0.0006030061709320849, "best_train_accuracy": 100.0, "best_train_precision": 100.0, "best_train_recall": 100.0, "best_learning_rate": [7.368514707535405e-05], "best_epoch_train_time": 27.069833755493164, "best_adv_train_accuracy": 100.0, "best_adv_train_precision": 100.0, "best_adv_train_recall": 100.0, "best_val_loss": 1.02865868806839, "best_val_accuracy": 76.84000134468079, "best_val_precision": 76.66303515434265, "best_val_recall": 76.88731551170349, "best_val_time": 1.2634432315826416, "best_adv_val_loss": 2.1642520844936373, "best_adv_val_accuracy": 59.210002422332764, "best_adv_val_precision": 58.86693596839905, "best_adv_val_recall": 59.28467512130737, "best_adv_val_time": 4.792902708053589, "best_tot_val_loss": 3.192910772562027}