{"total_batches": 2032, "total_epochs": 500, "train_time": 18606.660175800323, "h-m-s_train_time": "5:10:06.660176", "last_epoch_train_loss": 2.2910393999786827, "last_epoch_train_accuracy": 8.875124156475067, "last_epoch_train_precision": 36.20114624500275, "last_epoch_train_recall": 8.875124156475067, "last_epoch_learning_rate": [8.678127416938004e-06], "last_epoch_epoch_train_time": 711.2553763389587, "last_epoch_val_loss": 2.2910872205035893, "last_epoch_val_accuracy": 8.981713652610779, "last_epoch_val_precision": 36.569586396217346, "last_epoch_val_recall": 8.981713652610779, "last_epoch_val_time": 179.56946086883545, "early_stopping": true, "best_epoch": 7, "best_train_loss": 2.291916632511484, "best_train_accuracy": 10.655885189771652, "best_train_precision": 34.370508790016174, "best_train_recall": 10.655885189771652, "best_learning_rate": [4.010784529450204e-06], "best_epoch_train_time": 712.7922594547272, "best_val_loss": 2.291806363683986, "best_val_accuracy": 10.792377591133118, "best_val_precision": 34.668347239494324, "best_val_recall": 10.792377591133118, "best_val_time": 179.43770217895508}