{"total_batches": 157, "total_epochs": 150, "train_time": 7742.776747226715, "h-m-s_train_time": "2:09:02.776747", "last_epoch_train_loss": 0.08192992476141377, "last_epoch_train_accuracy": 97.26250171661377, "last_epoch_train_precision": 97.2636342048645, "last_epoch_train_recall": 97.26207852363586, "last_epoch_learning_rate": [4.0090794619463483e-10], "last_epoch_epoch_train_time": 39.87427115440369, "last_epoch_val_loss": 0.6943173199892044, "last_epoch_val_accuracy": 80.65999746322632, "last_epoch_val_precision": 80.55838346481323, "last_epoch_val_recall": 80.68231344223022, "last_epoch_val_time": 5.329896450042725, "early_stopping": true, "best_epoch": 146, "best_train_loss": 0.07852204022988392, "best_train_accuracy": 97.39750027656555, "best_train_precision": 97.39797115325928, "best_train_recall": 97.39738702774048, "best_learning_rate": [3.5691549370230446e-07], "best_epoch_train_time": 39.863261699676514, "best_val_loss": 0.7093675471842289, "best_val_accuracy": 81.26999735832214, "best_val_precision": 81.21566772460938, "best_val_recall": 81.30035400390625, "best_val_time": 5.319925546646118}