{"total_batches": 157, "total_epochs": 150, "train_time": 2339.4482922554016, "h-m-s_train_time": "0:38:59.448292", "last_epoch_train_loss": 0.09208647956608966, "last_epoch_train_accuracy": 96.8492329120636, "last_epoch_train_precision": 96.85160517692566, "last_epoch_train_recall": 96.8492329120636, "last_epoch_learning_rate": [4.0090794619463483e-10], "last_epoch_epoch_train_time": 11.939002752304077, "last_epoch_val_loss": 0.645125562697649, "last_epoch_val_accuracy": 81.74768090248108, "last_epoch_val_precision": 81.63641691207886, "last_epoch_val_recall": 81.74768090248108, "last_epoch_val_time": 2.1690502166748047, "early_stopping": true, "best_epoch": 146, "best_train_loss": 0.0887628305394938, "best_train_accuracy": 96.99681401252747, "best_train_precision": 96.99747562408447, "best_train_recall": 96.99681401252747, "best_learning_rate": [3.5691549370230446e-07], "best_epoch_train_time": 12.599103450775146, "best_val_loss": 0.6362484455108642, "best_val_accuracy": 82.27261304855347, "best_val_precision": 82.21887350082397, "best_val_recall": 82.27261304855347, "best_val_time": 2.1310932636260986}