{"total_batches": 157, "total_epochs": 150, "train_time": 3208.871153831482, "h-m-s_train_time": "0:53:28.871154", "last_epoch_train_loss": 0.20059659018827852, "last_epoch_train_accuracy": 93.26013326644897, "last_epoch_train_precision": 93.25861930847168, "last_epoch_train_recall": 93.26013326644897, "last_epoch_learning_rate": [2.2189430881284247e-06], "last_epoch_epoch_train_time": 14.772282838821411, "last_epoch_val_loss": 1.1213579133152962, "last_epoch_val_accuracy": 69.9040412902832, "last_epoch_val_precision": 69.89037990570068, "last_epoch_val_recall": 69.9040412902832, "last_epoch_val_time": 2.1653363704681396, "early_stopping": true, "best_epoch": 120, "best_train_loss": 0.22860834818736764, "best_train_accuracy": 92.26964116096497, "best_train_precision": 92.26605892181396, "best_train_recall": 92.26964116096497, "best_learning_rate": [1.8818385410117932e-05], "best_epoch_train_time": 14.751027584075928, "best_val_loss": 1.0869192630052567, "best_val_accuracy": 70.73870897293091, "best_val_precision": 70.66876292228699, "best_val_recall": 70.73870897293091, "best_val_time": 2.180833339691162}