{"total_batches": 79, "total_epochs": 500, "train_time": 1767.9640378952026, "h-m-s_train_time": "0:29:27.964038", "last_epoch_train_loss": 2.298385010489935, "last_epoch_train_accuracy": 20.92999964952469, "last_epoch_train_precision": 19.926011562347412, "last_epoch_train_recall": 4.186831414699554, "last_epoch_learning_rate": [8.569060127521931e-06], "last_epoch_epoch_train_time": 60.08968162536621, "last_epoch_val_loss": 2.2985936999320984, "last_epoch_val_accuracy": 25.58000087738037, "last_epoch_val_precision": 19.756072759628296, "last_epoch_val_recall": 5.109953135251999, "last_epoch_val_time": 17.91869878768921, "early_stopping": true, "best_epoch": 1, "best_train_loss": 2.301017827625516, "best_train_accuracy": 42.454999685287476, "best_train_precision": 16.69279634952545, "best_train_recall": 8.490423858165741, "best_learning_rate": [4.010528970108855e-06], "best_epoch_train_time": 57.6545307636261, "best_val_loss": 2.299207019805908, "best_val_accuracy": 44.58000063896179, "best_val_precision": 18.7417209148407, "best_val_recall": 8.91333818435669, "best_val_time": 16.532730102539062}