{"total_batches": 157, "total_epochs": 150, "train_time": 1679.0994243621826, "h-m-s_train_time": "0:27:59.099424", "last_epoch_train_loss": 0.10208494249422839, "last_epoch_train_accuracy": 96.56187891960144, "last_epoch_train_precision": 96.5634822845459, "last_epoch_train_recall": 96.56187891960144, "last_epoch_learning_rate": [4.0090794619463483e-10], "last_epoch_epoch_train_time": 7.554635286331177, "last_epoch_val_loss": 0.7158544272184372, "last_epoch_val_accuracy": 79.87276911735535, "last_epoch_val_precision": 79.76692318916321, "last_epoch_val_recall": 79.87276911735535, "last_epoch_val_time": 1.5350944995880127, "early_stopping": true, "best_epoch": 147, "best_train_loss": 0.10277371464451407, "best_train_accuracy": 96.59878015518188, "best_train_precision": 96.60090804100037, "best_train_recall": 96.59878015518188, "best_learning_rate": [2.0083126209286573e-07], "best_epoch_train_time": 7.484132528305054, "best_val_loss": 0.7299701131880283, "best_val_accuracy": 79.95814085006714, "best_val_precision": 79.90288734436035, "best_val_recall": 79.95814085006714, "best_val_time": 1.4463698863983154}