{"total_batches": 188, "total_epochs": 150, "train_time": 83050.35190081596, "h-m-s_train_time": "23:04:10.351901", "last_epoch_train_loss": 0.00010463288817071713, "last_epoch_train_accuracy": 100.00001192092896, "last_epoch_train_precision": 100.00001192092896, "last_epoch_train_recall": 100.00001192092896, "last_epoch_learning_rate": [4.47658840036103e-05], "last_epoch_epoch_train_time": 717.8514580726624, "last_epoch_adv_train_accuracy": 100.00001192092896, "last_epoch_adv_train_precision": 100.00001192092896, "last_epoch_adv_train_recall": 100.00001192092896, "last_epoch_val_loss": 0.02252033959186829, "last_epoch_val_accuracy": 99.43503737449646, "last_epoch_val_precision": 99.4368314743042, "last_epoch_val_recall": 99.43503737449646, "last_epoch_val_time": 19.4058039188385, "last_epoch_adv_val_loss": 0.04911221941298944, "last_epoch_adv_val_accuracy": 98.91693592071533, "last_epoch_adv_val_precision": 98.91831874847412, "last_epoch_adv_val_recall": 98.91693592071533, "last_epoch_adv_val_time": 86.08752989768982, "last_epoch_tot_val_loss": 0.07163255900485774, "early_stopping": true, "best_epoch": 81, "best_train_loss": 0.0001219562554398819, "best_train_accuracy": 100.00001192092896, "best_train_precision": 100.00001192092896, "best_train_recall": 100.00001192092896, "best_learning_rate": [7.368653080220204e-05], "best_epoch_train_time": 718.8835418224335, "best_adv_train_accuracy": 100.00001192092896, "best_adv_train_precision": 100.00001192092896, "best_adv_train_recall": 100.00001192092896, "best_val_loss": 0.022156302017816765, "best_val_accuracy": 99.44385886192322, "best_val_precision": 99.44532513618469, "best_val_recall": 99.44385886192322, "best_val_time": 18.349483489990234, "best_adv_val_loss": 0.04864405406183226, "best_adv_val_accuracy": 98.95313382148743, "best_adv_val_precision": 98.95132184028625, "best_adv_val_recall": 98.95313382148743, "best_adv_val_time": 84.1640043258667, "best_tot_val_loss": 0.07080035607964902}