{"total_batches": 157, "total_epochs": 150, "train_time": 1067.3018157482147, "h-m-s_train_time": "0:17:47.301816", "last_epoch_train_loss": 0.0006150345282427444, "last_epoch_train_accuracy": 100.0, "last_epoch_train_precision": 100.0, "last_epoch_train_recall": 100.0, "last_epoch_learning_rate": [9.77758397024028e-05], "last_epoch_epoch_train_time": 14.643691778182983, "last_epoch_adv_train_accuracy": 100.0, "last_epoch_adv_train_precision": 100.0, "last_epoch_adv_train_recall": 100.0, "last_epoch_val_loss": 1.0906520992517472, "last_epoch_val_accuracy": 76.40817165374756, "last_epoch_val_precision": 77.05119848251343, "last_epoch_val_recall": 76.40817165374756, "last_epoch_val_time": 0.9115102291107178, "last_epoch_adv_val_loss": 1.2578181505203248, "last_epoch_adv_val_accuracy": 63.89080286026001, "last_epoch_adv_val_precision": 66.06853008270264, "last_epoch_adv_val_recall": 63.89080286026001, "last_epoch_adv_val_time": 2.664304494857788, "last_epoch_tot_val_loss": 2.348470249772072, "early_stopping": true, "best_epoch": 35, "best_train_loss": 0.008691161743418616, "best_train_accuracy": 99.98748302459717, "best_train_precision": 99.98745918273926, "best_train_recall": 99.98748302459717, "best_learning_rate": [8.878080350298188e-05], "best_epoch_train_time": 14.80718207359314, "best_adv_train_accuracy": 99.90981817245483, "best_adv_train_precision": 99.90983009338379, "best_adv_train_recall": 99.90981817245483, "best_val_loss": 1.1097945600748063, "best_val_accuracy": 75.15207529067993, "best_val_precision": 76.32176280021667, "best_val_recall": 75.15207529067993, "best_val_time": 0.899991512298584, "best_adv_val_loss": 1.0720867365598679, "best_adv_val_accuracy": 65.29907584190369, "best_adv_val_precision": 66.44295454025269, "best_adv_val_recall": 65.29907584190369, "best_adv_val_time": 2.5999176502227783, "best_tot_val_loss": 2.181881296634674}