{"total_batches": 157, "total_epochs": 150, "train_time": 3232.9112496376038, "h-m-s_train_time": "0:53:52.911250", "last_epoch_train_loss": 0.21203884629497102, "last_epoch_train_accuracy": 92.87270903587341, "last_epoch_train_precision": 92.8735077381134, "last_epoch_train_recall": 92.87270903587341, "last_epoch_val_loss": 1.115280145406723, "last_epoch_val_accuracy": 70.30062675476074, "last_epoch_val_precision": 70.33278942108154, "last_epoch_val_recall": 70.30062675476074, "early_stopping": true, "best_epoch": 148, "best_train_loss": 0.20832125581563657, "best_train_accuracy": 93.07330250740051, "best_train_precision": 93.07339191436768, "best_train_recall": 93.07330250740051, "best_val_loss": 1.1136361464858056, "best_val_accuracy": 70.35620212554932, "best_val_precision": 70.20009756088257, "best_val_recall": 70.35620212554932}