{"total_batches": 157, "total_epochs": 150, "train_time": 6943.848300457001, "h-m-s_train_time": "1:55:43.848300", "last_epoch_train_loss": 0.5737630231365277, "last_epoch_train_accuracy": 80.83999752998352, "last_epoch_train_precision": 80.84003925323486, "last_epoch_train_recall": 80.83182573318481, "last_epoch_learning_rate": [4.0090794619463483e-10], "last_epoch_epoch_train_time": 36.236799240112305, "last_epoch_val_loss": 1.570806235074997, "last_epoch_val_accuracy": 52.17999815940857, "last_epoch_val_precision": 52.0935595035553, "last_epoch_val_recall": 52.267080545425415, "last_epoch_val_time": 4.630288124084473, "early_stopping": true, "best_epoch": 133, "best_train_loss": 0.6062901726194249, "best_train_accuracy": 79.85249757766724, "best_train_precision": 79.82432842254639, "best_train_recall": 79.8432469367981, "best_learning_rate": [6.325325121121637e-06], "best_epoch_train_time": 35.579986572265625, "best_val_loss": 1.5898361474275589, "best_val_accuracy": 53.1499981880188, "best_val_precision": 53.12721133232117, "best_val_recall": 53.24241518974304, "best_val_time": 5.113782167434692}