{"total_batches": 157, "total_epochs": 150, "train_time": 6770.361553907394, "h-m-s_train_time": "1:52:50.361554", "last_epoch_train_loss": 0.6004939646857559, "last_epoch_train_accuracy": 80.02700805664062, "last_epoch_train_precision": 80.0075888633728, "last_epoch_train_recall": 80.02700805664062, "last_epoch_learning_rate": [4.0090794619463483e-10], "last_epoch_epoch_train_time": 34.18881607055664, "last_epoch_val_loss": 1.6247596353292466, "last_epoch_val_accuracy": 51.98438763618469, "last_epoch_val_precision": 51.735782623291016, "last_epoch_val_recall": 51.98438763618469, "last_epoch_val_time": 4.686926364898682, "early_stopping": true, "best_epoch": 150, "best_train_loss": 0.6004939646857559, "best_train_accuracy": 80.02700805664062, "best_train_precision": 80.0075888633728, "best_train_recall": 80.02700805664062, "best_learning_rate": [4.0090794619463483e-10], "best_epoch_train_time": 34.18881607055664, "best_val_loss": 1.6247596353292466, "best_val_accuracy": 51.98438763618469, "best_val_precision": 51.735782623291016, "best_val_recall": 51.98438763618469, "best_val_time": 4.686926364898682}