{"total_batches": 157, "total_epochs": 150, "train_time": 2172.1365480422974, "h-m-s_train_time": "0:36:12.136548", "last_epoch_train_loss": 0.09514699911900387, "last_epoch_train_accuracy": 96.81209325790405, "last_epoch_train_precision": 96.8119740486145, "last_epoch_train_recall": 96.81209325790405, "last_epoch_val_loss": 0.6513342685997486, "last_epoch_val_accuracy": 81.9366455078125, "last_epoch_val_precision": 81.90059661865234, "last_epoch_val_recall": 81.9366455078125, "early_stopping": true, "best_epoch": 143, "best_train_loss": 0.0927290715941578, "best_train_accuracy": 96.93179726600647, "best_train_precision": 96.93266153335571, "best_train_recall": 96.93179726600647, "best_val_loss": 0.6617439784109592, "best_val_accuracy": 82.16831684112549, "best_val_precision": 82.01472759246826, "best_val_recall": 82.16831684112549}