{"total_epochs": 2000, "train_time": 2528.939005613327, "h-m-s_train_time": "0:42:08.939006", "last_epoch_epoch_train_loss": 0.9786057472229004, "last_epoch_epoch_train_time": 0.23309993743896484, "last_epoch_train_loss": 0.7744408059120178, "last_epoch_val_loss": 1.6816547691822052, "last_epoch_val_time": 9.47438907623291, "early_stopping": true, "best_epoch": 1511, "best_epoch_train_loss": 1.3354612588882446, "best_epoch_train_time": 0.061344146728515625, "best_train_loss": 1.201032931804657, "best_val_loss": 1.5138264989852905, "best_val_time": 9.40237808227539}