{"total_batches": 118, "total_epochs": 150, "train_time": 213.26022911071777, "early_stopping": true, "best_model_epoch": 2, "best_model_train_loss": 0.2994410122855235, "last_epoch_train_loss": 0.36423126747042445, "best_model_train_accuracy": 92.68714785575867, "last_epoch_train_accuracy": 90.4405951499939, "best_model_train_precision": 92.71327257156372, "last_epoch_train_precision": 90.48569202423096, "best_model_train_recall": 92.68714785575867, "last_epoch_train_recall": 90.4405951499939, "best_model_val_loss": 0.27325226813554765, "last_epoch_val_loss": 0.3812313586473465, "best_model_val_accuracy": 93.60560774803162, "last_epoch_val_accuracy": 89.7437572479248, "best_model_val_precision": 93.61287355422974, "last_epoch_val_precision": 89.97079730033875, "best_model_val_recall": 93.60560774803162, "last_epoch_val_recall": 89.7437572479248}