{"total_batches": 157, "total_epochs": 150, "train_time": 1365.2918462753296, "h-m-s_train_time": "0:22:45.291846", "last_epoch_train_loss": 0.10324120220200271, "last_epoch_train_accuracy": 96.62174582481384, "last_epoch_train_precision": 96.62297368049622, "last_epoch_train_recall": 96.62174582481384, "last_epoch_val_loss": 0.7032020553946495, "last_epoch_val_accuracy": 80.1592230796814, "last_epoch_val_precision": 80.10315895080566, "last_epoch_val_recall": 80.1592230796814, "early_stopping": true, "best_epoch": 150, "best_train_loss": 0.10324120220200271, "best_train_accuracy": 96.62174582481384, "best_train_precision": 96.62297368049622, "best_train_recall": 96.62174582481384, "best_val_loss": 0.7032020553946495, "best_val_accuracy": 80.1592230796814, "best_val_precision": 80.10315895080566, "best_val_recall": 80.1592230796814}