{"total_batches": 157, "total_epochs": 150, "train_time": 1892.5945687294006, "h-m-s_train_time": "0:31:32.594569", "last_epoch_train_loss": 0.10110785351817016, "last_epoch_train_accuracy": 96.6313362121582, "last_epoch_train_precision": 96.63444757461548, "last_epoch_train_recall": 96.6313362121582, "last_epoch_val_loss": 0.718796081840992, "last_epoch_val_accuracy": 80.7353138923645, "last_epoch_val_precision": 80.71480989456177, "last_epoch_val_recall": 80.7353138923645, "early_stopping": true, "best_epoch": 142, "best_train_loss": 0.10183923214579084, "best_train_accuracy": 96.57880663871765, "best_train_precision": 96.5838074684143, "best_train_recall": 96.57880663871765, "best_val_loss": 0.7197958469390869, "best_val_accuracy": 80.96700310707092, "best_val_precision": 80.88727593421936, "best_val_recall": 80.96700310707092}