{"total_batches": 2032, "total_epochs": 500, "train_time": 21120.986773967743, "h-m-s_train_time": "5:52:00.986774", "last_epoch_train_loss": 2.288183025605097, "last_epoch_train_accuracy": 4.43560890853405, "last_epoch_train_precision": 45.53937613964081, "last_epoch_train_recall": 4.43560890853405, "last_epoch_learning_rate": [8.568330972719991e-06], "last_epoch_epoch_train_time": 832.1401090621948, "last_epoch_val_loss": 2.2891348684866597, "last_epoch_val_accuracy": 5.342245101928711, "last_epoch_val_precision": 43.57694387435913, "last_epoch_val_recall": 5.342245101928711, "last_epoch_val_time": 170.08595037460327, "early_stopping": true, "best_epoch": 1, "best_train_loss": 2.292378636913037, "best_train_accuracy": 8.034665882587433, "best_train_precision": 32.92942941188812, "best_train_recall": 8.034665882587433, "best_learning_rate": [4.010527262281305e-06], "best_epoch_train_time": 791.8699855804443, "best_val_loss": 2.291080409147608, "best_val_accuracy": 6.31168857216835, "best_val_precision": 38.43839764595032, "best_val_recall": 6.31168857216835, "best_val_time": 159.2638635635376}