{"total_batches": 157, "total_epochs": 150, "train_time": 992.8415803909302, "h-m-s_train_time": "0:16:32.841580", "last_epoch_train_loss": 0.003989410337511521, "last_epoch_train_accuracy": 100.0, "last_epoch_train_precision": 100.0, "last_epoch_train_recall": 100.0, "last_epoch_learning_rate": [7.305417895286263e-05], "last_epoch_epoch_train_time": 27.94364023208618, "last_epoch_adv_train_accuracy": 100.0, "last_epoch_adv_train_precision": 100.0, "last_epoch_adv_train_recall": 100.0, "last_epoch_val_loss": 1.201290673017502, "last_epoch_val_accuracy": 71.92999720573425, "last_epoch_val_precision": 73.10775518417358, "last_epoch_val_recall": 71.9586968421936, "last_epoch_val_time": 1.2413184642791748, "last_epoch_adv_val_loss": 1.5199118211865426, "last_epoch_adv_val_accuracy": 54.83999848365784, "last_epoch_adv_val_precision": 57.963329553604126, "last_epoch_adv_val_recall": 54.9371600151062, "last_epoch_adv_val_time": 4.9347169399261475, "last_epoch_tot_val_loss": 2.7212024942040447, "early_stopping": true, "best_epoch": 9, "best_train_loss": 1.422397447999116, "best_train_accuracy": 80.89249730110168, "best_train_precision": 80.93699216842651, "best_train_recall": 80.88238835334778, "best_learning_rate": [1.3169693934593377e-05], "best_epoch_train_time": 26.587682247161865, "best_adv_train_accuracy": 71.75999879837036, "best_adv_train_precision": 72.12923765182495, "best_adv_train_recall": 71.74086570739746, "best_val_loss": 1.043023657798767, "best_val_accuracy": 64.17999863624573, "best_val_precision": 66.38180017471313, "best_val_recall": 64.2005205154419, "best_val_time": 1.3280885219573975, "best_adv_val_loss": 1.1360224097967149, "best_adv_val_accuracy": 55.949997901916504, "best_adv_val_precision": 59.21071767807007, "best_adv_val_recall": 55.99367618560791, "best_adv_val_time": 4.659087896347046, "best_tot_val_loss": 2.1790460675954817}