{"total_batches": 157, "total_epochs": 150, "train_time": 4140.352088212967, "h-m-s_train_time": "1:09:00.352088", "last_epoch_train_loss": 0.6067952384614641, "last_epoch_train_accuracy": 79.77436780929565, "last_epoch_train_precision": 79.76264357566833, "last_epoch_train_recall": 79.77436780929565, "last_epoch_val_loss": 1.6380275040864944, "last_epoch_val_accuracy": 51.79376006126404, "last_epoch_val_precision": 51.826441287994385, "last_epoch_val_recall": 51.79376006126404, "early_stopping": true, "best_epoch": 116, "best_train_loss": 0.7509580171032316, "best_train_accuracy": 74.80099201202393, "best_train_precision": 74.76478815078735, "best_train_recall": 74.80099201202393, "best_val_loss": 1.5390868335962296, "best_val_accuracy": 52.561718225479126, "best_val_precision": 52.30950117111206, "best_val_recall": 52.561718225479126}