{"total_batches": 157, "total_epochs": 150, "train_time": 5545.831348419189, "h-m-s_train_time": "1:32:25.831348", "last_epoch_train_loss": 0.08497266285121441, "last_epoch_train_accuracy": 97.21500277519226, "last_epoch_train_precision": 97.21585512161255, "last_epoch_train_recall": 97.21437692642212, "last_epoch_learning_rate": [4.0090794619463483e-10], "last_epoch_epoch_train_time": 28.319061756134033, "last_epoch_val_loss": 0.6883958891034127, "last_epoch_val_accuracy": 81.16000294685364, "last_epoch_val_precision": 81.12319707870483, "last_epoch_val_recall": 81.18201494216919, "last_epoch_val_time": 3.912515878677368, "early_stopping": true, "best_epoch": 140, "best_train_loss": 0.08463064431669606, "best_train_accuracy": 97.26999998092651, "best_train_precision": 97.27012515068054, "best_train_recall": 97.26942181587219, "best_learning_rate": [2.2189430881284247e-06], "best_epoch_train_time": 28.459777116775513, "best_val_loss": 0.6871761366724968, "best_val_accuracy": 81.31999969482422, "best_val_precision": 81.24340176582336, "best_val_recall": 81.34584426879883, "best_val_time": 3.9812514781951904}