{"total_batches": 157, "total_epochs": 150, "train_time": 4517.932234764099, "h-m-s_train_time": "1:15:17.932235", "last_epoch_train_loss": 0.08470034124744925, "last_epoch_train_accuracy": 97.21904993057251, "last_epoch_train_precision": 97.22120761871338, "last_epoch_train_recall": 97.21904993057251, "last_epoch_learning_rate": [5.574371882834972e-07], "last_epoch_epoch_train_time": 15.233346939086914, "last_epoch_val_loss": 0.7229922108352185, "last_epoch_val_accuracy": 79.95826005935669, "last_epoch_val_precision": 79.86660599708557, "last_epoch_val_recall": 79.95826005935669, "last_epoch_val_time": 2.211134672164917, "early_stopping": true, "best_epoch": 125, "best_train_loss": 0.09376770885554468, "best_train_accuracy": 96.89391851425171, "best_train_precision": 96.89536094665527, "best_train_recall": 96.89391851425171, "best_learning_rate": [1.3341272589168334e-05], "best_epoch_train_time": 14.905193567276001, "best_val_loss": 0.7156826972961425, "best_val_accuracy": 80.8161735534668, "best_val_precision": 80.64862489700317, "best_val_recall": 80.8161735534668, "best_val_time": 2.470494270324707}