{"total_batches": 157, "total_epochs": 150, "train_time": 3080.794543981552, "h-m-s_train_time": "0:51:20.794544", "last_epoch_train_loss": 0.08660460937364846, "last_epoch_train_accuracy": 97.1217691898346, "last_epoch_train_precision": 97.12270498275757, "last_epoch_train_recall": 97.1217691898346, "last_epoch_val_loss": 0.7116936899721622, "last_epoch_val_accuracy": 80.02490997314453, "last_epoch_val_precision": 79.95765805244446, "last_epoch_val_recall": 80.02490997314453, "early_stopping": true, "best_epoch": 126, "best_train_loss": 0.09194380415093367, "best_train_accuracy": 97.0039427280426, "best_train_precision": 97.0039963722229, "best_train_recall": 97.0039427280426, "best_val_loss": 0.7151068180799485, "best_val_accuracy": 80.57265281677246, "best_val_precision": 80.58061599731445, "best_val_recall": 80.57265281677246}